,OriginPlayerID,DestinationPlayerID,OriginPlayerIDFit,DestinationPlayerIDFit,AvgWeight,AvgPosition_x,AvgPosition_y,OutCount,Position
222,Huskies_F2,Huskies_D3,11,3,0.2844734003240531,53.79019073569482,47.27792915531335,859,F
223,Huskies_D3,Huskies_D1,3,0,0.5226345059536363,35.5663082437276,50.74910394265233,727,D
224,Huskies_D1,Huskies_G1,0,16,0.37584980839817733,35.657492354740064,54.84709480122324,851,D
225,Huskies_D5,Huskies_F2,5,11,0.36489541375579415,49.097972972972975,38.00337837837838,625,D
226,Huskies_F2,Huskies_M1,11,17,0.4924720117516278,53.79019073569482,47.27792915531335,859,F
227,Huskies_M1,Huskies_D1,17,0,0.25703232654729374,50.50177935943061,51.13345195729537,1255,M
228,Huskies_D1,Huskies_D3,0,3,0.5362095369398635,35.657492354740064,54.84709480122324,851,D
229,Huskies_D3,Huskies_D4,3,4,0.4596911171663713,35.5663082437276,50.74910394265233,727,D
230,Huskies_D4,Huskies_F1,4,10,0.22755191213119025,53.23048327137546,12.851301115241636,569,D
231,Huskies_F3,Huskies_M3,12,23,0.2756205375424912,58.97142857142857,54.65714285714286,56,F
232,Huskies_M3,Huskies_D4,23,4,0.2609662368412723,47.3359173126615,48.16279069767442,887,M
233,Huskies_D4,Huskies_F3,4,12,0.2028059032653578,53.23048327137546,12.851301115241636,569,D
234,Huskies_D5,Huskies_D5,5,5,0.4009387560882236,49.097972972972975,38.00337837837838,625,D
235,Huskies_F2,Huskies_D5,11,5,0.3380788675174044,53.79019073569482,47.27792915531335,859,F
236,Huskies_D5,Huskies_M1,5,17,0.4111096633611705,49.097972972972975,38.00337837837838,625,D
239,Huskies_D3,Huskies_G1,3,16,0.3989407062980976,35.5663082437276,50.74910394265233,727,D
240,Huskies_G1,Huskies_D3,16,3,0.2675943729389667,12.454545454545455,47.76555023923445,473,G
243,Huskies_D1,Huskies_D5,0,5,0.452295170009688,35.657492354740064,54.84709480122324,851,D
244,Huskies_F1,Huskies_D5,10,5,0.22134701139532548,66.83802816901408,45.13380281690141,238,F
245,Huskies_D3,Huskies_F1,3,10,0.2160703922269523,35.5663082437276,50.74910394265233,727,D
246,Huskies_M1,Huskies_D4,17,4,0.2512350179958595,50.50177935943061,51.13345195729537,1255,M
249,Huskies_D3,Huskies_M2,3,22,0.28841948637059184,35.5663082437276,50.74910394265233,727,D
251,Huskies_M3,Huskies_M1,23,17,0.6635668458030816,47.3359173126615,48.16279069767442,887,M
253,Huskies_F2,Huskies_F1,11,10,0.4123454969430338,53.79019073569482,47.27792915531335,859,F
254,Huskies_M3,Huskies_D5,23,5,0.23083114954840142,47.3359173126615,48.16279069767442,887,M
256,Huskies_M1,Huskies_M2,17,22,0.3672455184101034,50.50177935943061,51.13345195729537,1255,M
257,Huskies_M2,Huskies_D4,22,4,0.13020246539826186,53.1764705882353,54.588235294117645,76,M
258,Huskies_D4,Huskies_M1,4,17,0.3889217938987647,53.23048327137546,12.851301115241636,569,D
261,Huskies_D4,Huskies_M3,4,23,0.38599674411561935,53.23048327137546,12.851301115241636,569,D
262,Huskies_M3,Huskies_F2,23,11,0.2239219209303354,47.3359173126615,48.16279069767442,887,M
265,Huskies_F2,Huskies_D4,11,4,0.2996414533408602,53.79019073569482,47.27792915531335,859,F
266,Huskies_D4,Huskies_M2,4,22,0.28551261216837687,53.23048327137546,12.851301115241636,569,D
268,Huskies_D1,Huskies_M1,0,17,0.4408930692020375,35.657492354740064,54.84709480122324,851,D
269,Huskies_M1,Huskies_F2,17,11,0.44556275513321697,50.50177935943061,51.13345195729537,1255,M
276,Huskies_M1,Huskies_M1,17,17,0.36826988368718855,50.50177935943061,51.13345195729537,1255,M
277,Huskies_M4,Huskies_F3,24,12,0.11107313120567781,57.52205882352941,54.536764705882355,497,M
278,Huskies_F3,Huskies_F2,12,11,0.38093694682255685,58.97142857142857,54.65714285714286,56,F
279,Huskies_F2,Huskies_M3,11,23,0.38181504809129146,53.79019073569482,47.27792915531335,859,F
282,Huskies_M1,Huskies_F3,17,12,0.12154386195471097,50.50177935943061,51.13345195729537,1255,M
283,Huskies_D5,Huskies_F1,5,10,0.2608401752755117,49.097972972972975,38.00337837837838,625,D
286,Huskies_F1,Huskies_F3,10,12,0.37212888659292365,66.83802816901408,45.13380281690141,238,F
287,Huskies_D3,Huskies_M4,3,24,0.3234653936028438,35.5663082437276,50.74910394265233,727,D
288,Huskies_M4,Huskies_M3,24,23,0.4066827855763069,57.52205882352941,54.536764705882355,497,M
292,Huskies_D1,Huskies_F2,0,11,0.27734955359193797,35.657492354740064,54.84709480122324,851,D
293,Huskies_F2,Huskies_D1,11,0,0.28161011750873494,53.79019073569482,47.27792915531335,859,F
294,Huskies_D1,Huskies_M3,0,23,0.3628489870416152,35.657492354740064,54.84709480122324,851,D
298,Huskies_M1,Huskies_M3,17,23,0.622775443264049,50.50177935943061,51.13345195729537,1255,M
299,Huskies_M3,Huskies_D1,23,0,0.2369334853158483,47.3359173126615,48.16279069767442,887,M
301,Huskies_D3,Huskies_M1,3,17,0.3565820606901245,35.5663082437276,50.74910394265233,727,D
304,Huskies_D5,Huskies_M3,5,23,0.3942251139897445,49.097972972972975,38.00337837837838,625,D
307,Huskies_M3,Huskies_D3,23,3,0.20300839369686619,47.3359173126615,48.16279069767442,887,M
308,Huskies_M3,Huskies_F3,23,12,0.10164378906185016,47.3359173126615,48.16279069767442,887,M
310,Huskies_G1,Huskies_D5,16,5,0.21299103068680983,12.454545454545455,47.76555023923445,473,G
316,Huskies_M1,Huskies_M4,17,24,0.48507838046973123,50.50177935943061,51.13345195729537,1255,M
318,Huskies_M4,Huskies_D4,24,4,0.15451667672362554,57.52205882352941,54.536764705882355,497,M
319,Huskies_D4,Huskies_M4,4,24,0.3307224302844445,53.23048327137546,12.851301115241636,569,D
320,Huskies_M4,Huskies_F2,24,11,0.20226257678201148,57.52205882352941,54.536764705882355,497,M
329,Huskies_D3,Huskies_M3,3,23,0.37462129299523456,35.5663082437276,50.74910394265233,727,D
332,Huskies_M1,Huskies_D5,17,5,0.24667186626286858,50.50177935943061,51.13345195729537,1255,M
334,Huskies_F1,Huskies_F2,10,11,0.41329816545095854,66.83802816901408,45.13380281690141,238,F
335,Huskies_F2,Huskies_F3,11,12,0.3696059387553654,53.79019073569482,47.27792915531335,859,F
336,Huskies_M4,Huskies_M1,24,17,0.49382115819491773,57.52205882352941,54.536764705882355,497,M
337,Huskies_M1,Huskies_F1,17,10,0.1680415746764647,50.50177935943061,51.13345195729537,1255,M
338,Huskies_F2,Huskies_M4,11,24,0.36635308880936274,53.79019073569482,47.27792915531335,859,F
343,Huskies_D5,Huskies_D1,5,0,0.41454996090642404,49.097972972972975,38.00337837837838,625,D
345,Huskies_F1,Huskies_M5,10,25,0.2750864790990222,66.83802816901408,45.13380281690141,238,F
346,Huskies_M5,Huskies_M4,25,24,0.3545778739171805,54.4375,40.8125,42,M
348,Huskies_D4,Huskies_F2,4,11,0.30653078477414125,53.23048327137546,12.851301115241636,569,D
349,Huskies_D1,Huskies_M4,0,24,0.3187163004590032,35.657492354740064,54.84709480122324,851,D
352,Huskies_M1,Huskies_G1,17,16,0.2965284207545372,50.50177935943061,51.13345195729537,1255,M
363,Huskies_D3,Huskies_M5,3,25,0.269399244450789,35.5663082437276,50.74910394265233,727,D
364,Huskies_M5,Huskies_F2,25,11,0.13518323140426966,54.4375,40.8125,42,M
365,Huskies_F2,Huskies_M5,11,25,0.2711872848780209,53.79019073569482,47.27792915531335,859,F
368,Huskies_M1,Huskies_M5,17,25,0.3581820190655159,50.50177935943061,51.13345195729537,1255,M
474,Huskies_D1,Huskies_D2,0,2,0.45780136779837893,35.657492354740064,54.84709480122324,851,D
475,Huskies_D2,Huskies_D3,2,3,0.43398821703240836,35.21153846153846,45.62692307692308,580,D
477,Huskies_F1,Huskies_M1,10,17,0.32857121604263456,66.83802816901408,45.13380281690141,238,F
486,Huskies_M1,Huskies_D2,17,2,0.2155565672007696,50.50177935943061,51.13345195729537,1255,M
487,Huskies_D2,Huskies_D1,2,0,0.45812201470185765,35.21153846153846,45.62692307692308,580,D
488,Huskies_D1,Huskies_D6,0,6,0.39353885871186833,35.657492354740064,54.84709480122324,851,D
489,Huskies_M4,Huskies_D1,24,0,0.15594181147386704,57.52205882352941,54.536764705882355,497,M
493,Huskies_M3,Huskies_F1,23,10,0.13455111674868594,47.3359173126615,48.16279069767442,887,M
494,Huskies_D6,Huskies_G1,6,16,0.25651979798331576,39.310077519379846,74.70542635658914,322,D
496,Huskies_M1,Huskies_D3,17,3,0.21794779593852848,50.50177935943061,51.13345195729537,1255,M
504,Huskies_D4,Huskies_D3,4,3,0.41344845041859374,53.23048327137546,12.851301115241636,569,D
508,Huskies_D3,Huskies_F2,3,11,0.27656745037686653,35.5663082437276,50.74910394265233,727,D
514,Huskies_M6,Huskies_M3,26,23,0.4101011526747582,59.15865384615385,39.47115384615385,508,M
516,Huskies_M6,Huskies_F2,26,11,0.20264733814902708,59.15865384615385,39.47115384615385,508,M
520,Huskies_D6,Huskies_F1,6,10,0.22702713626566373,39.310077519379846,74.70542635658914,322,D
521,Huskies_M6,Huskies_D4,26,4,0.19635863630551548,59.15865384615385,39.47115384615385,508,M
523,Huskies_F2,Huskies_M2,11,22,0.2960622246788207,53.79019073569482,47.27792915531335,859,F
524,Huskies_M2,Huskies_M6,22,26,0.3794483240071993,53.1764705882353,54.588235294117645,76,M
526,Huskies_M2,Huskies_F2,22,11,0.11034480703318754,53.1764705882353,54.588235294117645,76,M
528,Huskies_M1,Huskies_D6,17,6,0.19981607026558035,50.50177935943061,51.13345195729537,1255,M
532,Huskies_M1,Huskies_M6,17,26,0.5000839428745133,50.50177935943061,51.13345195729537,1255,M
537,Huskies_F2,Huskies_D6,11,6,0.25562903820463495,53.79019073569482,47.27792915531335,859,F
538,Huskies_D6,Huskies_F2,6,11,0.2535111308199439,39.310077519379846,74.70542635658914,322,D
539,Huskies_M3,Huskies_M6,23,26,0.4400472587004654,47.3359173126615,48.16279069767442,887,M
544,Huskies_M2,Huskies_G1,22,16,0.27161731915242937,53.1764705882353,54.588235294117645,76,M
546,Huskies_M2,Huskies_F1,22,10,0.10306457134946719,53.1764705882353,54.588235294117645,76,M
547,Huskies_F1,Huskies_M7,10,27,0.2913449115297362,66.83802816901408,45.13380281690141,238,F
758,Huskies_M1,Huskies_M7,17,27,0.3658736036452872,50.50177935943061,51.13345195729537,1255,M
759,Huskies_M7,Huskies_D2,27,2,0.09291599290960116,48.31818181818182,56.54545454545455,22,M
764,Huskies_M7,Huskies_D1,27,0,0.20742577571373558,48.31818181818182,56.54545454545455,22,M
765,Huskies_D1,Huskies_M7,0,27,0.28868080555259856,35.657492354740064,54.84709480122324,851,D
766,Huskies_M7,Huskies_G1,27,16,0.263537335481668,48.31818181818182,56.54545454545455,22,M
772,Huskies_D3,Huskies_M6,3,26,0.3076880036753032,35.5663082437276,50.74910394265233,727,D
773,Huskies_M6,Huskies_M7,26,27,0.3649379025296737,59.15865384615385,39.47115384615385,508,M
774,Huskies_M7,Huskies_D3,27,3,0.11826176380856113,48.31818181818182,56.54545454545455,22,M
775,Huskies_D3,Huskies_M7,3,27,0.27337610783876287,35.5663082437276,50.74910394265233,727,D
778,Huskies_D2,Huskies_M7,2,27,0.2667053123604573,35.21153846153846,45.62692307692308,580,D
779,Huskies_M7,Huskies_M1,27,17,0.3623069944592493,48.31818181818182,56.54545454545455,22,M
780,Huskies_D2,Huskies_F2,2,11,0.2894483385581743,35.21153846153846,45.62692307692308,580,D
781,Huskies_F2,Huskies_M6,11,26,0.37780206172985764,53.79019073569482,47.27792915531335,859,F
784,Huskies_G1,Huskies_D2,16,2,0.23594018193871855,12.454545454545455,47.76555023923445,473,G
785,Huskies_D2,Huskies_M6,2,26,0.2922840700752336,35.21153846153846,45.62692307692308,580,D
786,Huskies_G1,Huskies_D6,16,6,0.22603422490622835,12.454545454545455,47.76555023923445,473,G
787,Huskies_D6,Huskies_M7,6,27,0.2638648388467951,39.310077519379846,74.70542635658914,322,D
790,Huskies_M7,Huskies_F2,27,11,0.11349074405827153,48.31818181818182,56.54545454545455,22,M
792,Huskies_D6,Huskies_F3,6,12,0.19334710567298444,39.310077519379846,74.70542635658914,322,D
793,Huskies_F3,Huskies_D6,12,6,0.1914644234698607,58.97142857142857,54.65714285714286,56,F
796,Huskies_F3,Huskies_M1,12,17,0.2799448694486551,58.97142857142857,54.65714285714286,56,F
800,Huskies_M7,Huskies_D6,27,6,0.09521699825567165,48.31818181818182,56.54545454545455,22,M
812,Huskies_M7,Huskies_M6,27,26,0.3551552028082047,48.31818181818182,56.54545454545455,22,M
818,Huskies_M7,Huskies_D4,27,4,0.0937449174592404,48.31818181818182,56.54545454545455,22,M
821,Huskies_D2,Huskies_G1,2,16,0.29224914616621045,35.21153846153846,45.62692307692308,580,D
823,Huskies_F1,Huskies_M6,10,26,0.33818937445220126,66.83802816901408,45.13380281690141,238,F
831,Huskies_G1,Huskies_D1,16,0,0.3176955831493371,12.454545454545455,47.76555023923445,473,G
834,Huskies_D6,Huskies_M1,6,17,0.3302269835113419,39.310077519379846,74.70542635658914,322,D
835,Huskies_D3,Huskies_D3,3,3,0.45210913488465004,35.5663082437276,50.74910394265233,727,D
839,Huskies_D4,Huskies_D2,4,2,0.4094692368384072,53.23048327137546,12.851301115241636,569,D
847,Huskies_D1,Huskies_F1,0,10,0.22062979485978723,35.657492354740064,54.84709480122324,851,D
848,Huskies_F1,Huskies_D6,10,6,0.1978672750599378,66.83802816901408,45.13380281690141,238,F
849,Huskies_D3,Huskies_D2,3,2,0.40900300766315617,35.5663082437276,50.74910394265233,727,D
852,Huskies_D6,Huskies_D2,6,2,0.4077054182476535,39.310077519379846,74.70542635658914,322,D
854,Huskies_G1,Huskies_F1,16,10,0.1873419233719141,12.454545454545455,47.76555023923445,473,G
861,Huskies_M6,Huskies_M8,26,28,0.3786790848984339,59.15865384615385,39.47115384615385,508,M
862,Huskies_M8,Huskies_D6,28,6,0.11657837040071155,59.97222222222222,63.583333333333336,137,M
863,Huskies_D6,Huskies_M6,6,26,0.2776584351847421,39.310077519379846,74.70542635658914,322,D
865,Huskies_F2,Huskies_M8,11,28,0.30017027813739866,53.79019073569482,47.27792915531335,859,F
866,Huskies_M8,Huskies_M1,28,17,0.3945373917566251,59.97222222222222,63.583333333333336,137,M
1065,Huskies_M6,Huskies_D5,26,5,0.23447556861848015,59.15865384615385,39.47115384615385,508,M
1071,Huskies_D2,Huskies_D4,2,4,0.4169887545971794,35.21153846153846,45.62692307692308,580,D
1072,Huskies_D4,Huskies_M6,4,26,0.32655047793051073,53.23048327137546,12.851301115241636,569,D
1080,Huskies_D1,Huskies_D4,0,4,0.4789978055266069,35.657492354740064,54.84709480122324,851,D
1083,Huskies_F1,Huskies_D1,10,0,0.19441941281628328,66.83802816901408,45.13380281690141,238,F
1092,Huskies_D2,Huskies_M3,2,23,0.3496006727273342,35.21153846153846,45.62692307692308,580,D
1109,Huskies_M3,Huskies_D2,23,2,0.18360005867104695,47.3359173126615,48.16279069767442,887,M
1112,Huskies_D4,Huskies_G1,4,16,0.22585313207269483,53.23048327137546,12.851301115241636,569,D
1118,Huskies_M6,Huskies_D1,26,0,0.13174652215130747,59.15865384615385,39.47115384615385,508,M
1121,Huskies_M4,Huskies_D2,24,2,0.14967739895339977,57.52205882352941,54.536764705882355,497,M
1125,Huskies_M6,Huskies_M1,26,17,0.4585025246304173,59.15865384615385,39.47115384615385,508,M
1144,Huskies_M9,Huskies_F2,29,11,0.12777535340007964,59.18867924528302,64.01886792452831,130,M
1147,Huskies_M3,Huskies_G1,23,16,0.28554361044768434,47.3359173126615,48.16279069767442,887,M
1149,Huskies_M6,Huskies_D2,26,2,0.12495232657524993,59.15865384615385,39.47115384615385,508,M
1150,Huskies_D2,Huskies_M4,2,24,0.3099145431845703,35.21153846153846,45.62692307692308,580,D
1154,Huskies_D1,Huskies_M9,0,29,0.27532328351503715,35.657492354740064,54.84709480122324,851,D
1155,Huskies_M9,Huskies_D2,29,2,0.10190005391537121,59.18867924528302,64.01886792452831,130,M
1159,Huskies_M6,Huskies_M9,26,29,0.38792661920213584,59.15865384615385,39.47115384615385,508,M
1160,Huskies_M9,Huskies_M4,29,24,0.4027238805542885,59.18867924528302,64.01886792452831,130,M
1169,Huskies_M4,Huskies_M6,24,26,0.41924082284832703,57.52205882352941,54.536764705882355,497,M
1172,Huskies_F2,Huskies_M9,11,29,0.29872239401968537,53.79019073569482,47.27792915531335,859,F
1175,Huskies_M9,Huskies_F1,29,10,0.10203793161025831,59.18867924528302,64.01886792452831,130,M
1176,Huskies_F1,Huskies_M4,10,24,0.32564186328378464,66.83802816901408,45.13380281690141,238,F
1179,Huskies_M4,Huskies_D5,24,5,0.14294540236457948,57.52205882352941,54.536764705882355,497,M
1187,Huskies_M6,Huskies_M4,26,24,0.42005393684916237,59.15865384615385,39.47115384615385,508,M
1199,Huskies_D4,Huskies_M9,4,29,0.28089722342262013,53.23048327137546,12.851301115241636,569,D
1202,Huskies_D5,Huskies_M4,5,24,0.32321043628375784,49.097972972972975,38.00337837837838,625,D
1205,Huskies_M4,Huskies_M9,24,29,0.3707200904428688,57.52205882352941,54.536764705882355,497,M
1222,Huskies_F2,Huskies_F2,11,11,0.40184224309302347,53.79019073569482,47.27792915531335,859,F
1225,Huskies_D5,Huskies_M6,5,26,0.4074452380200491,49.097972972972975,38.00337837837838,625,D
1438,Huskies_D3,Huskies_D5,3,5,0.37215853488485306,35.5663082437276,50.74910394265233,727,D
1456,Huskies_G1,Huskies_M3,16,23,0.13051924786578684,12.454545454545455,47.76555023923445,473,G
1481,Huskies_D2,Huskies_M1,2,17,0.36314298402148554,35.21153846153846,45.62692307692308,580,D
1502,Huskies_D2,Huskies_D5,2,5,0.43221642015407485,35.21153846153846,45.62692307692308,580,D
1511,Huskies_D5,Huskies_F3,5,12,0.19313224646115204,49.097972972972975,38.00337837837838,625,D
1517,Huskies_M6,Huskies_F3,26,12,0.11826047775796938,59.15865384615385,39.47115384615385,508,M
1526,Huskies_F3,Huskies_D1,12,0,0.1872138569670718,58.97142857142857,54.65714285714286,56,F
1527,Huskies_D1,Huskies_F3,0,12,0.18781804321462622,35.657492354740064,54.84709480122324,851,D
1557,Huskies_F3,Huskies_D3,12,3,0.19538009810280452,58.97142857142857,54.65714285714286,56,F
1566,Huskies_D1,Huskies_M6,0,26,0.3032838744879485,35.657492354740064,54.84709480122324,851,D
1575,Huskies_D2,Huskies_M5,2,25,0.2608895253397467,35.21153846153846,45.62692307692308,580,D
1577,Huskies_F3,Huskies_F1,12,10,0.36576594466284257,58.97142857142857,54.65714285714286,56,F
1578,Huskies_M5,Huskies_D1,25,0,0.10217444729814072,54.4375,40.8125,42,M
1581,Huskies_D5,Huskies_M5,5,25,0.2650569878804739,49.097972972972975,38.00337837837838,625,D
1582,Huskies_M5,Huskies_M5,25,25,0.3446604611005097,54.4375,40.8125,42,M
1583,Huskies_M5,Huskies_F3,25,12,0.10532482719973504,54.4375,40.8125,42,M
1584,Huskies_F3,Huskies_D4,12,4,0.1948010351538054,58.97142857142857,54.65714285714286,56,F
1585,Huskies_D4,Huskies_M5,4,25,0.2867853494963498,53.23048327137546,12.851301115241636,569,D
1588,Huskies_F3,Huskies_M6,12,26,0.2928308933053958,58.97142857142857,54.65714285714286,56,F
1590,Huskies_M3,Huskies_M5,23,25,0.36524057931372056,47.3359173126615,48.16279069767442,887,M
1594,Huskies_D5,Huskies_G1,5,16,0.2309142910660564,49.097972972972975,38.00337837837838,625,D
1595,Huskies_G1,Huskies_M5,16,25,0.08958272307116323,12.454545454545455,47.76555023923445,473,G
1599,Huskies_M6,Huskies_F1,26,10,0.18084472656157902,59.15865384615385,39.47115384615385,508,M
1603,Huskies_F1,Huskies_D3,10,3,0.1981404446072523,66.83802816901408,45.13380281690141,238,F
1801,Huskies_M2,Huskies_D2,22,2,0.10124054880469047,53.1764705882353,54.588235294117645,76,M
1810,Huskies_D5,Huskies_M2,5,22,0.27295113629134227,49.097972972972975,38.00337837837838,625,D
1811,Huskies_D6,Huskies_D5,6,5,0.3664646840072716,39.310077519379846,74.70542635658914,322,D
1816,Huskies_F1,Huskies_M3,10,23,0.3103632082447546,66.83802816901408,45.13380281690141,238,F
1820,Huskies_D2,Huskies_D6,2,6,0.4372140837606662,35.21153846153846,45.62692307692308,580,D
1829,Huskies_D5,Huskies_F4,5,13,0.23082142739192116,49.097972972972975,38.00337837837838,625,D
1835,Huskies_M4,Huskies_F1,24,10,0.146518028533776,57.52205882352941,54.536764705882355,497,M
1839,Huskies_D6,Huskies_M3,6,23,0.3239057769733044,39.310077519379846,74.70542635658914,322,D
1840,Huskies_M3,Huskies_D6,23,6,0.14862325875267096,47.3359173126615,48.16279069767442,887,M
1842,Huskies_F4,Huskies_D4,13,4,0.19221456326300912,72.66666666666667,48.61333333333334,125,F
1850,Huskies_G1,Huskies_M4,16,24,0.10145188608769162,12.454545454545455,47.76555023923445,473,G
1857,Huskies_G1,Huskies_M1,16,17,0.1386261622940099,12.454545454545455,47.76555023923445,473,G
1858,Huskies_M6,Huskies_G1,26,16,0.2540949917345747,59.15865384615385,39.47115384615385,508,M
1894,Huskies_D4,Huskies_F4,4,13,0.22550950493834115,53.23048327137546,12.851301115241636,569,D
1895,Huskies_F4,Huskies_F1,13,10,0.36099270359685653,72.66666666666667,48.61333333333334,125,F
1897,Huskies_M4,Huskies_F4,24,13,0.12392528024307918,57.52205882352941,54.536764705882355,497,M
1898,Huskies_G1,Huskies_D4,16,4,0.19784730982389623,12.454545454545455,47.76555023923445,473,G
1901,Huskies_M3,Huskies_M4,23,24,0.4065306011784742,47.3359173126615,48.16279069767442,887,M
1903,Huskies_M1,Huskies_F4,17,13,0.1669743938417598,50.50177935943061,51.13345195729537,1255,M
1904,Huskies_M3,Huskies_D7,23,7,0.17743037034347525,47.3359173126615,48.16279069767442,887,M
1905,Huskies_D7,Huskies_F1,7,10,0.2453687840925577,51.346733668341706,79.17085427135679,408,D
1909,Huskies_D6,Huskies_F4,6,13,0.1873320319201647,39.310077519379846,74.70542635658914,322,D
1910,Huskies_F4,Huskies_M4,13,24,0.29627886193714886,72.66666666666667,48.61333333333334,125,F
1913,Huskies_M1,Huskies_D7,17,7,0.2324214735199259,50.50177935943061,51.13345195729537,1255,M
1914,Huskies_D7,Huskies_M4,7,24,0.33446498773500627,51.346733668341706,79.17085427135679,408,D
1916,Huskies_M4,Huskies_D7,24,7,0.18521304156071575,57.52205882352941,54.536764705882355,497,M
1917,Huskies_D7,Huskies_M1,7,17,0.3600751494555031,51.346733668341706,79.17085427135679,408,D
1919,Huskies_M3,Huskies_F4,23,13,0.12058513155691905,47.3359173126615,48.16279069767442,887,M
2101,Huskies_M1,Huskies_M9,17,29,0.37614177488645567,50.50177935943061,51.13345195729537,1255,M
2102,Huskies_M9,Huskies_D5,29,5,0.12485226358830144,59.18867924528302,64.01886792452831,130,M
2112,Huskies_D5,Huskies_M9,5,29,0.2877556133009198,49.097972972972975,38.00337837837838,625,D
2113,Huskies_M9,Huskies_M6,29,26,0.384676713337438,59.18867924528302,64.01886792452831,130,M
2114,Huskies_M9,Huskies_M3,29,23,0.3760183596823519,59.18867924528302,64.01886792452831,130,M
2151,Huskies_F4,Huskies_D5,13,5,0.20181891537445903,72.66666666666667,48.61333333333334,125,F
2158,Huskies_M3,Huskies_M9,23,29,0.3697693985045856,47.3359173126615,48.16279069767442,887,M
2161,Huskies_D1,Huskies_F4,0,13,0.21063087243690082,35.657492354740064,54.84709480122324,851,D
2163,Huskies_F4,Huskies_M6,13,26,0.3170689870858938,72.66666666666667,48.61333333333334,125,F
2182,Huskies_F1,Huskies_D4,10,4,0.22857955477356504,66.83802816901408,45.13380281690141,238,F
2247,Huskies_F2,Huskies_D2,11,2,0.24413344087931083,53.79019073569482,47.27792915531335,859,F
2248,Huskies_D2,Huskies_F4,2,13,0.18922554895845364,35.21153846153846,45.62692307692308,580,D
2250,Huskies_D2,Huskies_F1,2,10,0.20076398222315509,35.21153846153846,45.62692307692308,580,D
2256,Huskies_M6,Huskies_M6,26,26,0.4005480547603457,59.15865384615385,39.47115384615385,508,M
2257,Huskies_M4,Huskies_M4,24,24,0.41747985353987593,57.52205882352941,54.536764705882355,497,M
2275,Huskies_F3,Huskies_M4,12,24,0.2739319386205913,58.97142857142857,54.65714285714286,56,F
2285,Huskies_D5,Huskies_D2,5,2,0.4205797151305768,49.097972972972975,38.00337837837838,625,D
2289,Huskies_G1,Huskies_F2,16,11,0.089066629292921,12.454545454545455,47.76555023923445,473,G
2295,Huskies_D2,Huskies_F3,2,12,0.3333333333333333,35.21153846153846,45.62692307692308,580,D
2305,Huskies_F1,Huskies_D2,10,2,0.19272669120504146,66.83802816901408,45.13380281690141,238,F
2307,Huskies_F3,Huskies_D5,12,5,0.19351421445514846,58.97142857142857,54.65714285714286,56,F
2501,Huskies_D6,Huskies_M9,6,29,0.29528477974359546,39.310077519379846,74.70542635658914,322,D
2502,Huskies_M9,Huskies_M1,29,17,0.37753388117701886,59.18867924528302,64.01886792452831,130,M
2520,Huskies_M6,Huskies_D6,26,6,0.1393758898751447,59.15865384615385,39.47115384615385,508,M
2536,Huskies_D6,Huskies_D1,6,0,0.3707524417672374,39.310077519379846,74.70542635658914,322,D
2543,Huskies_G1,Huskies_M9,16,29,0.09101913209303501,12.454545454545455,47.76555023923445,473,G
2545,Huskies_D6,Huskies_D3,6,3,0.3604414822410653,39.310077519379846,74.70542635658914,322,D
2554,Huskies_M9,Huskies_D4,29,4,0.11802013796581559,59.18867924528302,64.01886792452831,130,M
2570,Huskies_F2,Huskies_F4,11,13,0.37502072019913246,53.79019073569482,47.27792915531335,859,F
2597,Huskies_M5,Huskies_D3,25,3,0.09689088903054714,54.4375,40.8125,42,M
2599,Huskies_M5,Huskies_M9,25,29,0.35101107950160537,54.4375,40.8125,42,M
2601,Huskies_M4,Huskies_D6,24,6,0.13939443641011318,57.52205882352941,54.536764705882355,497,M
2604,Huskies_M6,Huskies_F4,26,13,0.16342469168388835,59.15865384615385,39.47115384615385,508,M
2690,Huskies_M6,Huskies_D7,26,7,0.14223300335040648,59.15865384615385,39.47115384615385,508,M
2692,Huskies_D1,Huskies_D7,0,7,0.4134707313506563,35.657492354740064,54.84709480122324,851,D
2699,Huskies_M9,Huskies_D1,29,0,0.10794731687722559,59.18867924528302,64.01886792452831,130,M
2718,Huskies_F2,Huskies_D7,11,7,0.23936361579167406,53.79019073569482,47.27792915531335,859,F
2728,Huskies_D7,Huskies_G1,7,16,0.23940147021050698,51.346733668341706,79.17085427135679,408,D
2741,Huskies_D7,Huskies_M9,7,29,0.2868012605854905,51.346733668341706,79.17085427135679,408,D
2750,Huskies_M10,Huskies_D7,18,7,0.12220254711192971,60.60606060606061,55.63636363636363,36,M
2752,Huskies_M10,Huskies_D4,18,4,0.1047608115511075,60.60606060606061,55.63636363636363,36,M
2753,Huskies_M10,Huskies_M4,18,24,0.36847468650137305,60.60606060606061,55.63636363636363,36,M
2756,Huskies_D7,Huskies_D1,7,0,0.37902419138204596,51.346733668341706,79.17085427135679,408,D
2758,Huskies_D7,Huskies_M6,7,26,0.3049855171402686,51.346733668341706,79.17085427135679,408,D
2761,Huskies_M6,Huskies_M10,26,18,0.3510954776303195,59.15865384615385,39.47115384615385,508,M
2763,Huskies_M10,Huskies_D3,18,3,0.1038445151752517,60.60606060606061,55.63636363636363,36,M
2767,Huskies_M4,Huskies_M10,24,18,0.36142192908056514,57.52205882352941,54.536764705882355,497,M
2769,Huskies_M9,Huskies_D3,29,3,0.12040536817221041,59.18867924528302,64.01886792452831,130,M
2772,Huskies_D1,Huskies_M10,0,18,0.2698602086534964,35.657492354740064,54.84709480122324,851,D
2773,Huskies_M10,Huskies_D1,18,0,0.10049302371848552,60.60606060606061,55.63636363636363,36,M
2969,Huskies_M11,Huskies_M1,19,17,0.36626229522796266,50.509803921568626,51.431372549019606,65,M
2971,Huskies_D2,Huskies_M11,2,19,0.2728895542929095,35.21153846153846,45.62692307692308,580,D
2972,Huskies_M11,Huskies_D4,19,4,0.0958670976007715,50.509803921568626,51.431372549019606,65,M
2974,Huskies_F2,Huskies_M11,11,19,0.27954322122168296,53.79019073569482,47.27792915531335,859,F
2975,Huskies_M11,Huskies_M4,19,24,0.3714342992116088,50.509803921568626,51.431372549019606,65,M
2977,Huskies_D7,Huskies_D3,7,3,0.37224427176033575,51.346733668341706,79.17085427135679,408,D
2978,Huskies_D3,Huskies_D7,3,7,0.3764796919549843,35.5663082437276,50.74910394265233,727,D
2985,Huskies_G1,Huskies_F4,16,13,0.07371056557008503,12.454545454545455,47.76555023923445,473,G
2988,Huskies_D7,Huskies_M11,7,19,0.276732068136358,51.346733668341706,79.17085427135679,408,D
2989,Huskies_M11,Huskies_F2,19,11,0.11891962590086143,50.509803921568626,51.431372549019606,65,M
2999,Huskies_F1,Huskies_D7,10,7,0.24712125740576546,66.83802816901408,45.13380281690141,238,F
3003,Huskies_D2,Huskies_D7,2,7,0.3928749413623036,35.21153846153846,45.62692307692308,580,D
3014,Huskies_M4,Huskies_G1,24,16,0.26668359264512403,57.52205882352941,54.536764705882355,497,M
3017,Huskies_D3,Huskies_M11,3,19,0.283447076510207,35.5663082437276,50.74910394265233,727,D
3021,Huskies_D7,Huskies_F4,7,13,0.21210279329598114,51.346733668341706,79.17085427135679,408,D
3029,Huskies_F4,Huskies_F2,13,11,0.38669274845172413,72.66666666666667,48.61333333333334,125,F
3031,Huskies_M11,Huskies_D7,19,7,0.10919770613472084,50.509803921568626,51.431372549019606,65,M
3034,Huskies_M4,Huskies_M11,24,19,0.35944109738027735,57.52205882352941,54.536764705882355,497,M
3037,Huskies_F1,Huskies_F4,10,13,0.36757243264538353,66.83802816901408,45.13380281690141,238,F
3043,Huskies_M11,Huskies_F1,19,10,0.10419539626223932,50.509803921568626,51.431372549019606,65,M
3046,Huskies_M1,Huskies_M11,17,19,0.36898981733120273,50.50177935943061,51.13345195729537,1255,M
3053,Huskies_D7,Huskies_F2,7,11,0.2349818982511436,51.346733668341706,79.17085427135679,408,D
3055,Huskies_D3,Huskies_F4,3,13,0.18787283418416786,35.5663082437276,50.74910394265233,727,D
3062,Huskies_M11,Huskies_D3,19,3,0.11288073701174979,50.509803921568626,51.431372549019606,65,M
3090,Huskies_F4,Huskies_D7,13,7,0.22011745373068256,72.66666666666667,48.61333333333334,125,F
3128,Huskies_M11,Huskies_D2,19,2,0.098595618216521,50.509803921568626,51.431372549019606,65,M
3248,Huskies_M6,Huskies_D3,26,3,0.12598506333866558,59.15865384615385,39.47115384615385,508,M
3261,Huskies_F4,Huskies_M10,13,18,0.27161313563153866,72.66666666666667,48.61333333333334,125,F
3277,Huskies_D7,Huskies_M10,7,18,0.28206663550091454,51.346733668341706,79.17085427135679,408,D
3281,Huskies_M1,Huskies_M10,17,18,0.376383845998189,50.50177935943061,51.13345195729537,1255,M
3283,Huskies_M10,Huskies_F4,18,13,0.10622356600414794,60.60606060606061,55.63636363636363,36,M
3302,Huskies_F1,Huskies_M10,10,18,0.2901120213785541,66.83802816901408,45.13380281690141,238,F
3305,Huskies_F4,Huskies_M8,13,28,0.2858723885704076,72.66666666666667,48.61333333333334,125,F
3306,Huskies_M4,Huskies_M8,24,28,0.3791880002536466,57.52205882352941,54.536764705882355,497,M
3312,Huskies_D7,Huskies_M8,7,28,0.3540156376715778,51.346733668341706,79.17085427135679,408,D
3386,Huskies_M1,Huskies_M8,17,28,0.398639781825995,50.50177935943061,51.13345195729537,1255,M
3387,Huskies_M8,Huskies_F4,28,13,0.103267026879374,59.97222222222222,63.583333333333336,137,M
3388,Huskies_M8,Huskies_D4,28,4,0.08712268038618923,59.97222222222222,63.583333333333336,137,M
3397,Huskies_D4,Huskies_D1,4,0,0.45163654809607584,53.23048327137546,12.851301115241636,569,D
3402,Huskies_F4,Huskies_M1,13,17,0.295311177882879,72.66666666666667,48.61333333333334,125,F
3424,Huskies_F4,Huskies_F3,13,12,0.366019355856364,72.66666666666667,48.61333333333334,125,F
3425,Huskies_F3,Huskies_F4,12,13,0.3694884096364427,58.97142857142857,54.65714285714286,56,F
3428,Huskies_D7,Huskies_F3,7,12,0.20121908313142278,51.346733668341706,79.17085427135679,408,D
3441,Huskies_F3,Huskies_D7,12,7,0.19292077275639835,58.97142857142857,54.65714285714286,56,F
3562,Huskies_M5,Huskies_D2,25,2,0.10378005594497379,54.4375,40.8125,42,M
3564,Huskies_M5,Huskies_D7,25,7,0.11485643785942456,54.4375,40.8125,42,M
3565,Huskies_D7,Huskies_M5,7,25,0.31815455584466223,51.346733668341706,79.17085427135679,408,D
3567,Huskies_D3,Huskies_M8,3,28,0.2918284324033986,35.5663082437276,50.74910394265233,727,D
3568,Huskies_M8,Huskies_D3,28,3,0.11461148329129463,59.97222222222222,63.583333333333336,137,M
3576,Huskies_M6,Huskies_M5,26,25,0.35066250816366784,59.15865384615385,39.47115384615385,508,M
3578,Huskies_M5,Huskies_F1,25,10,0.10866668528627717,54.4375,40.8125,42,M
3589,Huskies_G1,Huskies_D7,16,7,0.20561699133018346,12.454545454545455,47.76555023923445,473,G
3593,Huskies_D7,Huskies_D2,7,2,0.37665619864776717,51.346733668341706,79.17085427135679,408,D
3604,Huskies_M3,Huskies_M10,23,18,0.3624738469001394,47.3359173126615,48.16279069767442,887,M
3611,Huskies_M8,Huskies_D2,28,2,0.0934564477453621,59.97222222222222,63.583333333333336,137,M
3620,Huskies_M10,Huskies_M1,18,17,0.3691742075722499,60.60606060606061,55.63636363636363,36,M
3622,Huskies_D2,Huskies_M9,2,29,0.3020261890339474,35.21153846153846,45.62692307692308,580,D
3636,Huskies_D3,Huskies_M9,3,29,0.2804729352026558,35.5663082437276,50.74910394265233,727,D
3639,Huskies_M8,Huskies_M9,28,29,0.352681080314427,59.97222222222222,63.583333333333336,137,M
3642,Huskies_M9,Huskies_M8,29,28,0.3623356508443797,59.18867924528302,64.01886792452831,130,M
3643,Huskies_M8,Huskies_F1,28,10,0.12669685979947864,59.97222222222222,63.583333333333336,137,M
3649,Huskies_M8,Huskies_M10,28,18,0.3987053783793947,59.97222222222222,63.583333333333336,137,M
3650,Huskies_M10,Huskies_M9,18,29,0.3462497376382021,60.60606060606061,55.63636363636363,36,M
3651,Huskies_M9,Huskies_M10,29,18,0.34979549327749315,59.18867924528302,64.01886792452831,130,M
3652,Huskies_M10,Huskies_M3,18,23,0.35917079194484586,60.60606060606061,55.63636363636363,36,M
3671,Huskies_M3,Huskies_M8,23,28,0.37000361090114847,47.3359173126615,48.16279069767442,887,M
3681,Huskies_D7,Huskies_M3,7,23,0.3064217126819499,51.346733668341706,79.17085427135679,408,D
3691,Huskies_M8,Huskies_M3,28,23,0.3621199062582827,59.97222222222222,63.583333333333336,137,M
3897,Huskies_F1,Huskies_M8,10,28,0.3116430937924977,66.83802816901408,45.13380281690141,238,F
3898,Huskies_M8,Huskies_D7,28,7,0.17570732727351704,59.97222222222222,63.583333333333336,137,M
3908,Huskies_F2,Huskies_G1,11,16,0.10536041330954467,53.79019073569482,47.27792915531335,859,F
3920,Huskies_D5,Huskies_M8,5,28,0.2885220378701607,49.097972972972975,38.00337837837838,625,D
3921,Huskies_M8,Huskies_D5,28,5,0.11380889240180476,59.97222222222222,63.583333333333336,137,M
3923,Huskies_G1,Huskies_M6,16,26,0.10692899414406982,12.454545454545455,47.76555023923445,473,G
3937,Huskies_M8,Huskies_F2,28,11,0.1480904413890087,59.97222222222222,63.583333333333336,137,M
3954,Huskies_M8,Huskies_M4,28,24,0.3701705433328802,59.97222222222222,63.583333333333336,137,M
4012,Huskies_M11,Huskies_D6,19,6,0.09900303046595735,50.509803921568626,51.431372549019606,65,M
4014,Huskies_D5,Huskies_M10,5,18,0.2777730394334114,49.097972972972975,38.00337837837838,625,D
4015,Huskies_M10,Huskies_D5,18,5,0.09634376986866097,60.60606060606061,55.63636363636363,36,M
4018,Huskies_D6,Huskies_M11,6,19,0.2718373927360139,39.310077519379846,74.70542635658914,322,D
4019,Huskies_M11,Huskies_M9,19,29,0.3569035593728849,50.509803921568626,51.431372549019606,65,M
4020,Huskies_M9,Huskies_M11,29,19,0.35718541096898354,59.18867924528302,64.01886792452831,130,M
4025,Huskies_M10,Huskies_M11,18,19,0.3468296055029819,60.60606060606061,55.63636363636363,36,M
4027,Huskies_D6,Huskies_D7,6,7,0.39290981849841605,39.310077519379846,74.70542635658914,322,D
4028,Huskies_D7,Huskies_D6,7,6,0.391761504685004,51.346733668341706,79.17085427135679,408,D
4033,Huskies_D5,Huskies_M11,5,19,0.2618971768374708,49.097972972972975,38.00337837837838,625,D
4041,Huskies_M10,Huskies_M6,18,26,0.35257745720297,60.60606060606061,55.63636363636363,36,M
4163,Huskies_D5,Huskies_D6,5,6,0.3682413432920763,49.097972972972975,38.00337837837838,625,D
4166,Huskies_D6,Huskies_M4,6,24,0.30592141455836913,39.310077519379846,74.70542635658914,322,D
4231,Huskies_D2,Huskies_D2,2,2,0.38190455918610244,35.21153846153846,45.62692307692308,580,D
4234,Huskies_D6,Huskies_M8,6,28,0.2764774567194231,39.310077519379846,74.70542635658914,322,D
4276,Huskies_F1,Huskies_F1,10,10,0.3627961158827728,66.83802816901408,45.13380281690141,238,F
4281,Huskies_M10,Huskies_F1,18,10,0.12014384202494885,60.60606060606061,55.63636363636363,36,M
4298,Huskies_D2,Huskies_M10,2,18,0.26884111396480737,35.21153846153846,45.62692307692308,580,D
4656,Huskies_M9,Huskies_D7,29,7,0.11527163295944705,59.18867924528302,64.01886792452831,130,M
4996,Huskies_M10,Huskies_D6,18,6,0.09488958742135893,60.60606060606061,55.63636363636363,36,M
4999,Huskies_D6,Huskies_M10,6,18,0.2601950625034436,39.310077519379846,74.70542635658914,322,D
5163,Huskies_M11,Huskies_M3,19,23,0.36718780166814374,50.509803921568626,51.431372549019606,65,M
5173,Huskies_M11,Huskies_M6,19,26,0.3592921732795862,50.509803921568626,51.431372549019606,65,M
5176,Huskies_M6,Huskies_M11,26,19,0.3684026100428208,59.15865384615385,39.47115384615385,508,M
5177,Huskies_M11,Huskies_F3,19,12,0.10843136999561898,50.509803921568626,51.431372549019606,65,M
5181,Huskies_F3,Huskies_M11,12,19,0.2734532514910097,58.97142857142857,54.65714285714286,56,F
5211,Huskies_D1,Huskies_M11,0,19,0.2709624921010276,35.657492354740064,54.84709480122324,851,D
5229,Huskies_G1,Huskies_F3,16,12,0.054746411615085054,12.454545454545455,47.76555023923445,473,G
5236,Huskies_D5,Huskies_D3,5,3,0.3753501367443732,49.097972972972975,38.00337837837838,625,D
5255,Huskies_M3,Huskies_M11,23,19,0.3881329957684524,47.3359173126615,48.16279069767442,887,M
5404,Huskies_D6,Huskies_M12,6,20,0.2730514611717953,39.310077519379846,74.70542635658914,322,D
5405,Huskies_M12,Huskies_D7,20,7,0.1256269907934475,62.18333333333333,28.866666666666667,134,M
5407,Huskies_G1,Huskies_G1,16,16,0.02635988725954524,12.454545454545455,47.76555023923445,473,G
5414,Huskies_M3,Huskies_M12,23,20,0.40622381539018987,47.3359173126615,48.16279069767442,887,M
5415,Huskies_M12,Huskies_M3,20,23,0.38465101531552803,62.18333333333333,28.866666666666667,134,M
5426,Huskies_M4,Huskies_M12,24,20,0.3628780842339543,57.52205882352941,54.536764705882355,497,M
5430,Huskies_D5,Huskies_M12,5,20,0.3227395045095852,49.097972972972975,38.00337837837838,625,D
5451,Huskies_M8,Huskies_M6,28,26,0.3498070568779295,59.97222222222222,63.583333333333336,137,M
5458,Huskies_D5,Huskies_D7,5,7,0.34690933107608024,49.097972972972975,38.00337837837838,625,D
5459,Huskies_G1,Huskies_M8,16,28,0.09744765531654127,12.454545454545455,47.76555023923445,473,G
5480,Huskies_M11,Huskies_D5,19,5,0.10622676065811484,50.509803921568626,51.431372549019606,65,M
5483,Huskies_F4,Huskies_F4,13,13,0.5036741549377943,72.66666666666667,48.61333333333334,125,F
5770,Huskies_F4,Huskies_M3,13,23,0.2812398575849048,72.66666666666667,48.61333333333334,125,F
5773,Huskies_D7,Huskies_D7,7,7,0.3888888888888888,51.346733668341706,79.17085427135679,408,D
5792,Huskies_M12,Huskies_F4,20,13,0.11747002230263213,62.18333333333333,28.866666666666667,134,M
5803,Huskies_M12,Huskies_D5,20,5,0.1483212701087255,62.18333333333333,28.866666666666667,134,M
5805,Huskies_M8,Huskies_G1,28,16,0.25701482395660863,59.97222222222222,63.583333333333336,137,M
5810,Huskies_F2,Huskies_M12,11,20,0.29612930795009995,53.79019073569482,47.27792915531335,859,F
5812,Huskies_F4,Huskies_M12,13,20,0.2884370975556643,72.66666666666667,48.61333333333334,125,F
5820,Huskies_M6,Huskies_M12,26,20,0.3743724834243834,59.15865384615385,39.47115384615385,508,M
5828,Huskies_M12,Huskies_D3,20,3,0.11193378002313341,62.18333333333333,28.866666666666667,134,M
5832,Huskies_G1,Huskies_M12,16,20,0.10943006834690881,12.454545454545455,47.76555023923445,473,G
5833,Huskies_M12,Huskies_M8,20,28,0.3420303008380925,62.18333333333333,28.866666666666667,134,M
6002,Huskies_D2,Huskies_M12,2,20,0.26028466994008526,35.21153846153846,45.62692307692308,580,D
6010,Huskies_M9,Huskies_D6,29,6,0.1454273963570097,59.18867924528302,64.01886792452831,130,M
6018,Huskies_D1,Huskies_M12,0,20,0.28563510465242586,35.657492354740064,54.84709480122324,851,D
6024,Huskies_M13,Huskies_F4,21,13,0.10690355937288493,53.074074074074076,56.888888888888886,74,M
6029,Huskies_M8,Huskies_M13,28,21,0.36409654492604027,59.97222222222222,63.583333333333336,137,M
6030,Huskies_M13,Huskies_M3,21,23,0.37483542895628813,53.074074074074076,56.888888888888886,74,M
6031,Huskies_M3,Huskies_M13,23,21,0.374185934907113,47.3359173126615,48.16279069767442,887,M
6034,Huskies_F4,Huskies_M9,13,29,0.30143587878822475,72.66666666666667,48.61333333333334,125,F
6035,Huskies_M9,Huskies_M13,29,21,0.36676964381037275,59.18867924528302,64.01886792452831,130,M
6036,Huskies_M13,Huskies_D2,21,2,0.10851817478531198,53.074074074074076,56.888888888888886,74,M
6037,Huskies_D2,Huskies_M8,2,28,0.2718373927360139,35.21153846153846,45.62692307692308,580,D
6041,Huskies_M13,Huskies_D1,21,0,0.09631731149327873,53.074074074074076,56.888888888888886,74,M
6044,Huskies_F4,Huskies_D6,13,6,0.18844323256925974,72.66666666666667,48.61333333333334,125,F
6055,Huskies_M13,Huskies_M9,21,29,0.3576864780957056,53.074074074074076,56.888888888888886,74,M
6066,Huskies_M13,Huskies_D6,21,6,0.10340812894408254,53.074074074074076,56.888888888888886,74,M
6068,Huskies_M9,Huskies_F4,29,13,0.1160031944621793,59.18867924528302,64.01886792452831,130,M
6073,Huskies_M13,Huskies_F1,21,10,0.15918981006544972,53.074074074074076,56.888888888888886,74,M
6211,Huskies_M1,Huskies_M13,17,21,0.36464430264239145,50.50177935943061,51.13345195729537,1255,M
6212,Huskies_M13,Huskies_D3,21,3,0.10288117527268499,53.074074074074076,56.888888888888886,74,M
6214,Huskies_D7,Huskies_M13,7,21,0.2900348324858211,51.346733668341706,79.17085427135679,408,D
6217,Huskies_D6,Huskies_F5,6,14,0.18138243478728863,39.310077519379846,74.70542635658914,322,D
6218,Huskies_F5,Huskies_F2,14,11,0.40135663496293855,66.953125,37.8125,158,F
6219,Huskies_M6,Huskies_F5,26,14,0.12930903811221314,59.15865384615385,39.47115384615385,508,M
6221,Huskies_D5,Huskies_M13,5,21,0.29100638362927483,49.097972972972975,38.00337837837838,625,D
6222,Huskies_M13,Huskies_F2,21,11,0.11686887574096569,53.074074074074076,56.888888888888886,74,M
6224,Huskies_M13,Huskies_M1,21,17,0.3645876783026828,53.074074074074076,56.888888888888886,74,M
6235,Huskies_M13,Huskies_D5,21,5,0.10775034486439737,53.074074074074076,56.888888888888886,74,M
6237,Huskies_D3,Huskies_D6,3,6,0.35464504580753475,35.5663082437276,50.74910394265233,727,D
6243,Huskies_M1,Huskies_F5,17,14,0.1266094658700846,50.50177935943061,51.13345195729537,1255,M
6244,Huskies_F5,Huskies_F5,14,14,0.367178205504454,66.953125,37.8125,158,F
6245,Huskies_M8,Huskies_F5,28,14,0.09514060578293024,59.97222222222222,63.583333333333336,137,M
6246,Huskies_M13,Huskies_D7,21,7,0.14838406449301336,53.074074074074076,56.888888888888886,74,M
6501,Huskies_G1,Huskies_M13,16,21,0.09101089066174796,12.454545454545455,47.76555023923445,473,G
6502,Huskies_M13,Huskies_F6,21,15,0.101253444352349,53.074074074074076,56.888888888888886,74,M
6503,Huskies_F6,Huskies_F5,15,14,0.38901723758218737,62.4375,68.98214285714286,223,F
6504,Huskies_F5,Huskies_F6,14,15,0.41464163839177554,66.953125,37.8125,158,F
6505,Huskies_F6,Huskies_M6,15,26,0.29734096998228293,62.4375,68.98214285714286,223,F
6509,Huskies_D7,Huskies_F6,7,15,0.23975199051654347,51.346733668341706,79.17085427135679,408,D
6510,Huskies_M12,Huskies_F5,20,14,0.13344114919902747,62.18333333333333,28.866666666666667,134,M
6518,Huskies_D6,Huskies_F6,6,15,0.19047160337491487,39.310077519379846,74.70542635658914,322,D
6520,Huskies_D2,Huskies_F6,2,15,0.19007918213306432,35.21153846153846,45.62692307692308,580,D
6521,Huskies_F6,Huskies_M13,15,21,0.2896558939868222,62.4375,68.98214285714286,223,F
6522,Huskies_F6,Huskies_D7,15,7,0.22408730076258823,62.4375,68.98214285714286,223,F
6527,Huskies_M12,Huskies_M6,20,26,0.38245443631023096,62.18333333333333,28.866666666666667,134,M
6548,Huskies_D7,Huskies_F5,7,14,0.19232225410829976,51.346733668341706,79.17085427135679,408,D
6556,Huskies_F5,Huskies_M6,14,26,0.3387946857222585,66.953125,37.8125,158,F
6573,Huskies_F2,Huskies_F6,11,15,0.3879652358482488,53.79019073569482,47.27792915531335,859,F
6582,Huskies_M12,Huskies_F2,20,11,0.12926951954547128,62.18333333333333,28.866666666666667,134,M
6584,Huskies_F6,Huskies_F4,15,13,0.3855695302943819,62.4375,68.98214285714286,223,F
6615,Huskies_M6,Huskies_F6,26,15,0.12129419658300729,59.15865384615385,39.47115384615385,508,M
6787,Huskies_D8,Huskies_D3,8,3,0.42895587268927843,54.44347826086957,86.40869565217392,263,D
6791,Huskies_M1,Huskies_F6,17,15,0.15818777264783174,50.50177935943061,51.13345195729537,1255,M
6792,Huskies_F6,Huskies_D8,15,8,0.2690580955375923,62.4375,68.98214285714286,223,F
6793,Huskies_D8,Huskies_M1,8,17,0.3132819218970084,54.44347826086957,86.40869565217392,263,D
6798,Huskies_D3,Huskies_D8,3,8,0.4278055432316388,35.5663082437276,50.74910394265233,727,D
6809,Huskies_F6,Huskies_M4,15,24,0.3256087012578384,62.4375,68.98214285714286,223,F
6823,Huskies_F2,Huskies_D8,11,8,0.2532096952537275,53.79019073569482,47.27792915531335,859,F
6824,Huskies_D8,Huskies_F6,8,15,0.2873946822577612,54.44347826086957,86.40869565217392,263,D
6827,Huskies_F6,Huskies_M1,15,17,0.30353213480265273,62.4375,68.98214285714286,223,F
6832,Huskies_M4,Huskies_F6,24,15,0.13624811874575068,57.52205882352941,54.536764705882355,497,M
6842,Huskies_D8,Huskies_M4,8,24,0.32142378648463044,54.44347826086957,86.40869565217392,263,D
6845,Huskies_M4,Huskies_D3,24,3,0.1359023489630341,57.52205882352941,54.536764705882355,497,M
6847,Huskies_F4,Huskies_D8,13,8,0.20502748747070274,72.66666666666667,48.61333333333334,125,F
6849,Huskies_D8,Huskies_F4,8,13,0.20364225728163815,54.44347826086957,86.40869565217392,263,D
6853,Huskies_F4,Huskies_F6,13,15,0.3793036223197421,72.66666666666667,48.61333333333334,125,F
6854,Huskies_F6,Huskies_D3,15,3,0.20270490320061432,62.4375,68.98214285714286,223,F
6855,Huskies_D8,Huskies_G1,8,16,0.2026008665467485,54.44347826086957,86.40869565217392,263,D
6868,Huskies_M1,Huskies_D8,17,8,0.1938800572810657,50.50177935943061,51.13345195729537,1255,M
6876,Huskies_G1,Huskies_F6,16,15,0.05862461094836446,12.454545454545455,47.76555023923445,473,G
7008,Huskies_D2,Huskies_D9,2,9,0.35458699881756234,35.21153846153846,45.62692307692308,580,D
7009,Huskies_D9,Huskies_D2,9,2,0.356236515988307,36.583333333333336,31.791666666666668,57,D
7011,Huskies_M3,Huskies_D9,23,9,0.12335923826433104,47.3359173126615,48.16279069767442,887,M
7012,Huskies_D9,Huskies_D5,9,5,0.3750008469928066,36.583333333333336,31.791666666666668,57,D
7013,Huskies_D5,Huskies_D9,5,9,0.3660208662557318,49.097972972972975,38.00337837837838,625,D
7014,Huskies_D9,Huskies_G1,9,16,0.18887353851314737,36.583333333333336,31.791666666666668,57,D
7028,Huskies_M1,Huskies_M12,17,20,0.38653365102991455,50.50177935943061,51.13345195729537,1255,M
7031,Huskies_M1,Huskies_D9,17,9,0.09973203980402157,50.50177935943061,51.13345195729537,1255,M
7032,Huskies_D9,Huskies_M3,9,23,0.2822174233141959,36.583333333333336,31.791666666666668,57,D
7042,Huskies_M12,Huskies_M1,20,17,0.3764597701170554,62.18333333333333,28.866666666666667,134,M
7045,Huskies_M3,Huskies_F6,23,15,0.13746727475896922,47.3359173126615,48.16279069767442,887,M
7048,Huskies_D9,Huskies_F6,9,15,0.17723642595018085,36.583333333333336,31.791666666666668,57,D
7052,Huskies_G1,Huskies_D9,16,9,0.1952378097841324,12.454545454545455,47.76555023923445,473,G
7062,Huskies_D9,Huskies_M4,9,24,0.27313648243143446,36.583333333333336,31.791666666666668,57,D
7103,Huskies_F1,Huskies_D9,10,9,0.202821742969776,66.83802816901408,45.13380281690141,238,F
7108,Huskies_F4,Huskies_D9,13,9,0.18525665330588956,72.66666666666667,48.61333333333334,125,F
7113,Huskies_D7,Huskies_M12,7,20,0.28507119284224675,51.346733668341706,79.17085427135679,408,D
7120,Huskies_F1,Huskies_F5,10,14,0.34615532328076365,66.83802816901408,45.13380281690141,238,F
7121,Huskies_F5,Huskies_D5,14,5,0.22954715611006302,66.953125,37.8125,158,F
7124,Huskies_D9,Huskies_D7,9,7,0.34,36.583333333333336,31.791666666666668,57,D
7130,Huskies_M3,Huskies_F5,23,14,0.12211052097387941,47.3359173126615,48.16279069767442,887,M
7131,Huskies_F5,Huskies_M4,14,24,0.304713319434836,66.953125,37.8125,158,F
7132,Huskies_M4,Huskies_F5,24,14,0.1134378907876143,57.52205882352941,54.536764705882355,497,M
7146,Huskies_D9,Huskies_F1,9,10,0.18239763927276692,36.583333333333336,31.791666666666668,57,D
7148,Huskies_F5,Huskies_M12,14,20,0.28754867930883543,66.953125,37.8125,158,F
7159,Huskies_M4,Huskies_D9,24,9,0.13268100553171333,57.52205882352941,54.536764705882355,497,M
7162,Huskies_D9,Huskies_M1,9,17,0.2651487178018215,36.583333333333336,31.791666666666668,57,D
7392,Huskies_D5,Huskies_F6,5,15,0.19047289136852164,49.097972972972975,38.00337837837838,625,D
7393,Huskies_F6,Huskies_D5,15,5,0.1882385452690464,62.4375,68.98214285714286,223,F
7453,Huskies_F6,Huskies_D2,15,2,0.1958641086724743,62.4375,68.98214285714286,223,F
7617,Huskies_D1,Huskies_F5,0,14,0.2093947086463648,35.657492354740064,54.84709480122324,851,D
7659,Huskies_F5,Huskies_M1,14,17,0.29430932644929547,66.953125,37.8125,158,F
7663,Huskies_D1,Huskies_F6,0,15,0.20876492522880113,35.657492354740064,54.84709480122324,851,D
7670,Huskies_D2,Huskies_F5,2,14,0.18048056074464364,35.21153846153846,45.62692307692308,580,D
7694,Huskies_D1,Huskies_D1,0,0,0.3739809190021769,35.657492354740064,54.84709480122324,851,D
7703,Huskies_F6,Huskies_M12,15,20,0.27973495784839114,62.4375,68.98214285714286,223,F
7818,Huskies_M4,Huskies_D8,24,8,0.15309526934229276,57.52205882352941,54.536764705882355,497,M
7821,Huskies_D8,Huskies_D2,8,2,0.36070682623630607,54.44347826086957,86.40869565217392,263,D
7824,Huskies_G1,Huskies_F5,16,14,0.06016700904939214,12.454545454545455,47.76555023923445,473,G
7829,Huskies_F2,Huskies_F5,11,14,0.37965525746293144,53.79019073569482,47.27792915531335,859,F
7831,Huskies_D5,Huskies_F5,5,14,0.19475945405359588,49.097972972972975,38.00337837837838,625,D
7836,Huskies_D8,Huskies_F2,8,11,0.2223326590645869,54.44347826086957,86.40869565217392,263,D
7851,Huskies_F5,Huskies_F1,14,10,0.37451150850989884,66.953125,37.8125,158,F
7886,Huskies_D5,Huskies_D8,5,8,0.346760346237552,49.097972972972975,38.00337837837838,625,D
7894,Huskies_F1,Huskies_F6,10,15,0.37033344627698933,66.83802816901408,45.13380281690141,238,F
7905,Huskies_D8,Huskies_F1,8,10,0.19268210898292218,54.44347826086957,86.40869565217392,263,D
7917,Huskies_F6,Huskies_F2,15,11,0.39970743763778366,62.4375,68.98214285714286,223,F
7919,Huskies_F6,Huskies_F1,15,10,0.35946975798536623,62.4375,68.98214285714286,223,F
8108,Huskies_D3,Huskies_F6,3,15,0.21691485138504402,35.5663082437276,50.74910394265233,727,D
8117,Huskies_F5,Huskies_D4,14,4,0.2234065041607162,66.953125,37.8125,158,F
8121,Huskies_D8,Huskies_D1,8,0,0.378734430905723,54.44347826086957,86.40869565217392,263,D
8125,Huskies_D4,Huskies_M12,4,20,0.3177086390275985,53.23048327137546,12.851301115241636,569,D
8130,Huskies_M12,Huskies_F6,20,15,0.09600321578185725,62.18333333333333,28.866666666666667,134,M
8176,Huskies_D4,Huskies_F5,4,14,0.23970367268624135,53.23048327137546,12.851301115241636,569,D
8183,Huskies_F1,Huskies_D8,10,8,0.1982070551294779,66.83802816901408,45.13380281690141,238,F
8201,Huskies_M2,Huskies_D1,22,0,0.10018199749974543,53.1764705882353,54.588235294117645,76,M
8212,Huskies_D3,Huskies_F5,3,14,0.2068180883844546,35.5663082437276,50.74910394265233,727,D
8214,Huskies_D8,Huskies_D6,8,6,0.3489970436345181,54.44347826086957,86.40869565217392,263,D
8223,Huskies_D6,Huskies_M2,6,22,0.2697948971144226,39.310077519379846,74.70542635658914,322,D
8229,Huskies_M2,Huskies_D8,22,8,0.12693257979019382,53.1764705882353,54.588235294117645,76,M
8230,Huskies_D8,Huskies_M2,8,22,0.2906171424474552,54.44347826086957,86.40869565217392,263,D
8395,Huskies_F6,Huskies_D1,15,0,0.19344960806928016,62.4375,68.98214285714286,223,F
8397,Huskies_D1,Huskies_D8,0,8,0.38841707738975945,35.657492354740064,54.84709480122324,851,D
8412,Huskies_M12,Huskies_D4,20,4,0.17025289251436773,62.18333333333333,28.866666666666667,134,M
8439,Huskies_F1,Huskies_M12,10,20,0.2762674592097293,66.83802816901408,45.13380281690141,238,F
8481,Huskies_D4,Huskies_D4,4,4,0.37959837837990035,53.23048327137546,12.851301115241636,569,D
8508,Huskies_D8,Huskies_M12,8,20,0.2893057116172229,54.44347826086957,86.40869565217392,263,D
8563,Huskies_D6,Huskies_D8,6,8,0.3505008734208201,39.310077519379846,74.70542635658914,322,D
8614,Huskies_M3,Huskies_D8,23,8,0.14088876627181388,47.3359173126615,48.16279069767442,887,M
8662,Huskies_M11,Huskies_D8,19,8,0.10648705441797453,50.509803921568626,51.431372549019606,65,M
8668,Huskies_D8,Huskies_M11,8,19,0.2872677996249965,54.44347826086957,86.40869565217392,263,D
8669,Huskies_M11,Huskies_F4,19,13,0.09848484848484848,50.509803921568626,51.431372549019606,65,M
8674,Huskies_D3,Huskies_M12,3,20,0.27385376391117533,35.5663082437276,50.74910394265233,727,D
8775,Huskies_D8,Huskies_F5,8,14,0.21191350469918027,54.44347826086957,86.40869565217392,263,D
8827,Huskies_D8,Huskies_M3,8,23,0.30770729879813946,54.44347826086957,86.40869565217392,263,D
8858,Huskies_F1,Huskies_M11,10,19,0.31108111713563724,66.83802816901408,45.13380281690141,238,F
8870,Huskies_D4,Huskies_M11,4,19,0.2671318113292997,53.23048327137546,12.851301115241636,569,D
9124,Huskies_G1,Huskies_D8,16,8,0.1900489151405842,12.454545454545455,47.76555023923445,473,G
9140,Huskies_D8,Huskies_D8,8,8,0.358178533083331,54.44347826086957,86.40869565217392,263,D
9168,Huskies_F5,Huskies_D8,14,8,0.21399012850003,66.953125,37.8125,158,F
9180,Huskies_F6,Huskies_M11,15,19,0.31666666666666665,62.4375,68.98214285714286,223,F
9181,Huskies_M11,Huskies_F6,19,15,0.11846975177964865,50.509803921568626,51.431372549019606,65,M
9191,Huskies_D4,Huskies_D10,4,1,0.3543954749859523,53.23048327137546,12.851301115241636,569,D
9192,Huskies_D10,Huskies_D3,1,3,0.36502514160334915,37.75,23.625,38,D
9194,Huskies_D10,Huskies_D4,1,4,0.36879504514383665,37.75,23.625,38,D
9196,Huskies_M3,Huskies_D10,23,1,0.11317600998144006,47.3359173126615,48.16279069767442,887,M
9197,Huskies_D10,Huskies_G1,1,16,0.19110169229118734,37.75,23.625,38,D
9202,Huskies_F5,Huskies_D10,14,1,0.1850719210124744,66.953125,37.8125,158,F
9207,Huskies_F5,Huskies_M9,14,29,0.29855139530310143,66.953125,37.8125,158,F
9208,Huskies_M11,Huskies_F5,19,14,0.10012642406199594,50.509803921568626,51.431372549019606,65,M
9211,Huskies_D10,Huskies_F6,1,15,0.1773871252433095,37.75,23.625,38,D
9216,Huskies_F6,Huskies_D4,15,4,0.21273490011272678,62.4375,68.98214285714286,223,F
9461,Huskies_M12,Huskies_D1,20,0,0.10397722164787791,62.18333333333333,28.866666666666667,134,M
9472,Huskies_M12,Huskies_D8,20,8,0.10044436693519873,62.18333333333333,28.866666666666667,134,M
9477,Huskies_F5,Huskies_D3,14,3,0.1766091664378649,66.953125,37.8125,158,F
9492,Huskies_D4,Huskies_F6,4,15,0.22612850082606772,53.23048327137546,12.851301115241636,569,D
9502,Huskies_D4,Huskies_D8,4,8,0.34667255034702615,53.23048327137546,12.851301115241636,569,D
9757,Huskies_M9,Huskies_F6,29,15,0.09354273153052814,59.18867924528302,64.01886792452831,130,M
9759,Huskies_D8,Huskies_M9,8,29,0.28237365928870467,54.44347826086957,86.40869565217392,263,D
9777,Huskies_F6,Huskies_M3,15,23,0.29044965189158833,62.4375,68.98214285714286,223,F
9787,Huskies_M9,Huskies_D8,29,8,0.1144560507540783,59.18867924528302,64.01886792452831,130,M
9822,Huskies_D10,Huskies_M3,1,23,0.2802968243884879,37.75,23.625,38,D
9824,Huskies_M1,Huskies_D10,17,1,0.10167709824825784,50.50177935943061,51.13345195729537,1255,M
9833,Huskies_D3,Huskies_D10,3,1,0.36260506077826543,35.5663082437276,50.74910394265233,727,D
9857,Huskies_G1,Huskies_D10,16,1,0.18987667724258214,12.454545454545455,47.76555023923445,473,G
9858,Huskies_D10,Huskies_M1,1,17,0.26965176875149593,37.75,23.625,38,D
10037,Huskies_D10,Huskies_F5,1,14,0.17499479654439845,37.75,23.625,38,D
10055,Huskies_F4,Huskies_F5,13,14,0.3593911292002382,72.66666666666667,48.61333333333334,125,F
10080,Huskies_D10,Huskies_D1,1,0,0.3385410310001807,37.75,23.625,38,D
10103,Huskies_M2,Huskies_M4,22,24,0.3609188241754405,53.1764705882353,54.588235294117645,76,M
10110,Huskies_D1,Huskies_D10,0,1,0.3412030279399637,35.657492354740064,54.84709480122324,851,D
10122,Huskies_M4,Huskies_M2,24,22,0.35395637097099036,57.52205882352941,54.536764705882355,497,M
10130,Huskies_D10,Huskies_M4,1,24,0.2804087209861203,37.75,23.625,38,D
10147,Huskies_M2,Huskies_M1,22,17,0.3634664298424897,53.1764705882353,54.588235294117645,76,M
10153,Huskies_F5,Huskies_M2,14,22,0.2731125081760512,66.953125,37.8125,158,F
10273,Huskies_F5,Huskies_F4,14,13,0.3644419588508752,66.953125,37.8125,158,F
10295,Huskies_M3,Huskies_M2,23,22,0.3759720085883779,47.3359173126615,48.16279069767442,887,M
10300,Huskies_M2,Huskies_M3,22,23,0.3826670141224579,53.1764705882353,54.588235294117645,76,M
10322,Huskies_M2,Huskies_F4,22,13,0.10079086599969554,53.1764705882353,54.588235294117645,76,M
10337,Huskies_M2,Huskies_M2,22,22,0.3834543001453904,53.1764705882353,54.588235294117645,76,M
10352,Huskies_F6,Huskies_M2,15,22,0.2709963064082493,62.4375,68.98214285714286,223,F
10377,Huskies_F4,Huskies_M2,13,22,0.2798497878664384,72.66666666666667,48.61333333333334,125,F
10378,Huskies_M2,Huskies_D3,22,3,0.09952076420683816,53.1764705882353,54.588235294117645,76,M
